"SAMPLEID","STATIONID","Index_Score","nt_habit_climbcling_RFadj_std","nt_volt_semi_RFadj_std","nt_EPT_RFadj_std","pt_BCG_att1i234b_RFadj_std","x_HBI_RFadj_std","Al2O3Ws","CFS","ClayWs","ElevCat","Fe2O3Cat","K2OWs","L3Eco","LONG","MgOCat","NWs","PermWs","PrecipCat","PrecipWs","SandWs","SWs","TmeanCat","WetIndexWs","WsAreaSqKm","WtDepWs","INDEX_CLASS","INDEX_NAME","ni_total","nt_EPT","nt_habit_climbcling","nt_volt_semi","pt_BCG_att1i234b","x_HBI","nt_Coleo","nt_Ephem","nt_Odon","nt_Trich","pi_airbreath","pi_Cheu","pi_CorixPhys","pi_dom01","pi_dom02","pt_Chiro","pt_oneind","x_Shan_2","nt_habit_climbcling_RFadj","x_HBI_RFadj","pt_BCG_att1i234b_RFadj","nt_volt_semi_RFadj","nt_EPT_RFadj"
"KS_Liz_3608_Rep1",NA,26.7636390467737,59.6754095415279,46.3896914099936,9.77766883674754,17.9754254455993,0,3.5565,69.45,41.3846,337.2065,9.0184,0.6664,"eco3_28",-96.26825452,1.6244,0.0652,1.2534,909.2009417,919.095568,9.8059,0.3884,12.69715106,752.305,646.6401,171.8542,"bugs","BioMonTools",231,6,21,6,7.14285714285714,5.78222222222222,9,4,8,2,32.4675324675325,0,3.46320346320346,8.65800865800866,16.8831168831169,4.76190476190476,45.2380952380952,4.76364470290669,0.542200000000005,0.707460994133591,-5.13729256647339,-0.0604999999999993,-6.54446666666667
"KS_Liz_3609_Rep1",NA,44.7088751197991,12.5227120589077,22.5952775448986,17.9026372062478,80.2162268138458,90.3075219750955,6.0142,432,37.3996,267.2585,6.1748,1.1612,"eco3_40",-94.79790983,1.5852,0.1097,1.4729,1053.081096,997.1019373,9.9455,0.4688,12.98004901,854.5856,6718.4802,96.2512,"bugs","BioMonTools",220,10,16,3,12.1212121212121,5.10909090909091,7,7,2,3,4.54545454545455,0,2.27272727272727,28.6363636363636,43.6363636363636,15.1515151515152,54.5454545454545,3.75066640311864,-8.13593333333333,-0.260668342764549,3.15241103852891,-1.85896666666666,-5.43403333333335
"KS_Liz_3610_Rep1",NA,65.6202614486998,100,100,83.5004216383715,21.2790023652069,23.3218832399203,3.5847,11.48,38.1703,376.8508,2.2199,0.653,"eco3_28",-96.4254108,1.9189,0.1964,1.2686,964.8228596,956.8996124,9.1611,1.0493,13.42369342,768.4985,102.1185,166.5542,"bugs","BioMonTools",266,13,26,9,5.66037735849057,5.45454545454545,11,10,6,3,9.3984962406015,0,7.5187969924812,13.5338345864662,21.0526315789474,20.7547169811321,43.3962264150943,5.00527960136831,8.6992,0.327118695864458,-4.69729705070478,4.69056666666666,3.53116666666667
"KS_Liz_3611_Rep1",NA,32.3034341817934,0,12.7284943332039,22.7313264200494,59.4693342179095,66.5880159378045,6.2721,6.1,36.1253,300.6596,2.2433,1.2542,"eco3_40",-95.67940678,1.3326,0.0524,1.6235,1080.187004,1059.576466,12.2666,0.3002,13.53864137,872.1767,135.5661,85.938,"bugs","BioMonTools",156,6,10,2,7.40740740740741,5.44516129032258,6,4,0,1,12.8205128205128,0,5.76923076923077,16.6666666666667,30.1282051282051,14.8148148148148,37.037037037037,4.15247936567208,-12.2142666666667,-0.0525339056724237,0.389181989989204,-2.60473333333333,-4.7741
"KS_Liz_3612_Rep1",NA,64.2466351800465,51.8066048261132,NA,NA,59.5865638373015,81.3467368767249,10.9606,NA,33.2589,416.3144,3.4718,2.1341,"eco3_27",-97.41119926,1.5073,0.1008,1.9815,772.847717,771.4851523,7.8851,0.36,12.75160582,809.8842,9.1548,182.8505,"bugs","BioMonTools",282,6,14,6,3.2258064516129,5.56737588652482,8,3,5,3,7.09219858156028,0,2.83687943262411,20.5673758865248,40.0709219858156,9.67741935483871,35.4838709677419,3.74815366191779,-0.906000000000001,-0.182039050931039,0.404795522866737,NA,NA
"KS_Liz_3613_Rep1",NA,32.3901919534723,17.6528481718783,2.57902180676847,17.0307024684289,81.8687840127622,42.8196033075234,3.5958,9.04,35.0208,235.4137,9.1159,0.7233,"eco3_40",-95.55780035,1.4177,0.077,2.2051,1095.479123,1080.97261,15.1895,0.3226,14.16618176,864.248,186.8445,97.2905,"bugs","BioMonTools",203,7,17,2,11.7647058823529,5.4228855721393,7,5,3,2,15.2709359605911,0,0,30.0492610837438,39.9014778325123,20.5882352941176,47.0588235294118,3.96981297486741,-7.19176666666667,0.156029678054799,3.37251118293868,-3.37186666666667,-5.5532
"KS_Liz_3614_Rep1",NA,76.0942930407402,89.8645173162243,62.638373332475,92.6739067737134,71.0846452281801,64.2100225531084,8.2796,6.47,27.2908,464.1381,11.591,1.5525,"eco3_27",-98.5115848,1.2243,0.0694,3.1775,668.8493337,669.2845787,11.4094,0.1652,11.76211932,820.7791,381.4524,182.848,"bugs","BioMonTools",266,10,19,6,2.56410256410256,5.59315589353612,6,7,2,3,13.9097744360902,0,6.01503759398496,23.6842105263158,34.5864661654135,25.6410256410256,35.8974358974359,4.25541298251279,6.0983,-0.0316674376374495,1.93619750775833,1.16763333333333,4.7849
"KS_Liz_3615_Rep1",NA,52.8690653255986,63.9550207052836,59.8749860529649,62.9825167938899,20.370937122967,57.1618659528877,11.1524,117,22.7486,335.2519,15.9256,2.1169,"eco3_27",-97.52857025,1.0943,0.1668,6.3324,865.7007706,806.0471883,40.3978,1.6014,14.78613875,915.2078,2338.5537,174.6882,"bugs","BioMonTools",273,12,22,7,2.85714285714286,5.42124542124542,9,7,2,5,20.5128205128205,0,2.1978021978022,12.0879120879121,21.978021978022,14.2857142857143,20,4.58350836444081,1.32983333333333,0.0301788800817206,-4.81824009042622,0.958766666666667,0.727000000000006
"KS_Liz_3616_Rep1",NA,72.1729865182154,50.4759389824418,48.9435975280342,97.1201641920183,73.9522058600946,90.3730260284878,9.488,0.71,38.2614,395.0841,4.5277,1.8029,"eco3_47",-96.591926,1.6693,0.0866,0.9125,830.1464149,833.1487159,10.1496,0.1229,11.33998408,837.4846,64.9116,73.4879,"bugs","BioMonTools",291,14,21,4,7.69230769230769,5.32302405498282,6,11,2,3,7.90378006872852,0,2.06185567010309,12.7147766323024,25.085910652921,15.3846153846154,25.6410256410256,4.5086700580186,-1.15089999999999,-0.261243129155911,2.31812105606393,0.132533333333334,5.39256666666667
"KS_Liz_3617_Rep1",NA,49.6013994608882,58.0841164827967,66.355671669371,30.4253273261298,29.4990309967639,63.6428508293794,9.4855,4.44,38.0142,337.8944,4.8598,1.8407,"eco3_47",-95.69898415,1.9016,0.175,0.9579,881.0323547,863.0523534,13.1976,0.3249,11.93310543,810.852,116.2557,77.4343,"bugs","BioMonTools",220,6,21,6,2.85714285714286,5.48401826484018,5,3,6,3,3.18181818181818,0,0,27.2727272727273,44.5454545454545,37.1428571428571,48.5714285714286,3.93858104331613,0.249333333333329,-0.0266906068692494,-3.60249107966528,1.4486,-3.72256666666666
"KS_Liz_3618_Rep1",NA,6.39423739719397,4.15438694103685,22.8563572240351,4.96044282089787,0,0,6.3857,3.01,34.1657,267.9834,10.0544,1.223,"eco3_40",-95.29405754,1.2042,0.067,1.8425,984.9474157,982.2762764,11.9601,0.2845,12.65592216,788.9609,23.2596,128.0642,"bugs","BioMonTools",323,3,12,2,0,5.95046439628483,12,3,3,0,44.8916408668731,0,26.3157894736842,10.8359133126935,21.0526315789474,19.5121951219512,31.7073170731707,4.64973786259281,-9.67606666666667,0.545328454921602,-8.02918062662793,-1.83923333333333,-7.20283333333333
"KS_Liz_3619_Rep1",NA,58.2443713574269,88.5680825661221,75.6323795251791,37.2915390013969,37.0065668655492,52.7232888288871,9.0552,2.36,33.0685,439.6598,3.4859,1.7553,"eco3_27",-97.27904152,1.9139,0.1231,2.0798,778.9687836,778.0074655,10.1591,0.2632,11.59605889,798.0119,45.6723,176.2863,"bugs","BioMonTools",277,4,28,8,0,5.61818181818182,15,3,6,1,30.6859205776173,0,14.0794223826715,13.3574007220217,24.187725631769,18.8679245283019,47.1698113207547,4.80739425955172,5.8597,0.0691266030967554,-2.60258031714247,2.14976666666667,-2.78416666666666
"KS_Liz_3620_Rep1",NA,37.5395171108265,13.7273205421334,40.3257630516688,30.5997142736935,83.0084954207625,20.0362922658744,6.002,2.25,41.2915,402.6225,2.4201,1.2016,"eco3_27",-97.13391025,4.0824,0.0755,1.364,886.3184259,870.1154584,11.4337,9.097,13.67704194,887.1571,98.3223,164.0653,"bugs","BioMonTools",620,2,7,3,8.33333333333333,6.06129032258065,2,1,5,1,2.25806451612903,0,9.19354838709677,62.741935483871,70.6451612903226,29.1666666666667,41.6666666666667,2.26652356192575,-7.91423333333333,0.355949170952046,3.5243066219412,-0.518833333333334,-3.69873333333334
"KS_Liz_3621_Rep1",NA,41.7093680846501,42.9134029401791,16.2879100262977,32.8223551871885,32.7738382018291,83.7493340677562,9.3192,2.06,34.9429,335.9594,5.9556,1.7935,"eco3_47",-95.3667768,1.3411,0.1116,1.1508,966.362094,966.362094,17.8142,0.2292,12.66981766,750.5587,4.1544,121.4417,"bugs","BioMonTools",210,4,14,1,3.33333333333333,5.42788461538461,3,2,3,2,12.3809523809524,0,0.476190476190476,26.1904761904762,36.6666666666667,23.3333333333333,36.6666666666667,4.04621114524562,-2.54273333333334,-0.203121412980579,-3.1663273334291,-2.3357,-3.39496666666666
"KS_Liz_3622_Rep1",NA,59.1602131335547,69.4412326381342,23.4076234384283,67.92559408938,79.2972787825747,55.7293367192564,7.2747,27.7,37.495,307.2734,12.994,1.3912,"eco3_28",-96.31470787,1.2169,0.16,1.854,873.8532427,866.3906205,12.7692,0.4344,12.79595168,782.4314,472.8717,145.0456,"bugs","BioMonTools",210,12,23,5,12.8205128205128,5.38647342995169,9,10,3,2,9.04761904761905,0,2.38095238095238,20,39.0476190476191,12.8205128205128,43.5897435897436,4.20571587376613,2.33953333333333,0.0427490687353593,3.03001854614169,-1.79756666666666,1.40256666666667
"KS_Liz_3623_Rep1",NA,25.5743129628139,0,8.0325882125172,11.5230016993581,58.6476568827424,49.6683180194517,10.0406,4890,21.7474,244.3814,7.9993,2.0033,"eco3_40",-94.87110751,1.4704,0.1109,8.197,1026.632838,538.9024799,30.6143,0.3338,12.93200199,853.8149,287883.1539,174.2968,"bugs","BioMonTools",74,7,12,2,7.14285714285714,5.48648648648649,1,3,2,3,2.7027027027027,0,0,55.4054054054054,63.5135135135135,14.2857142857143,35.7142857142857,2.6123052953273,-11.1417333333333,0.0959334273516559,0.279744749180177,-2.95966666666667,-6.30593333333334
"KS_Liz_3624_Rep1",NA,56.3529075268278,43.8907097174285,40.2516728724543,54.9968140846118,52.5237567095514,90.101584250093,7.8169,14.04,21.4856,976.827,9.3291,1.7262,"eco3_25",-101.7166838,1.4411,0.0298,6.3749,480.3040205,438.8899282,26.9189,0.0493,10.73335944,919.0895,6248.2896,180.5058,"bugs","BioMonTools",247,5,8,0,0,5.1864406779661,5,4,2,0,25.5060728744939,0,5.66801619433198,39.6761133603239,51.0121457489879,9.52380952380952,38.0952380952381,3.29511632818249,-2.36286666666667,-0.258861275939378,-0.5358828813515,-0.524433333333333,-0.364400000000002
"KS_Liz_3625_Rep1",NA,16.0504960107714,9.58246034988873,7.23920587676255,18.1484862176386,45.2823276095669,0,8.3549,5.79,25.4726,474.2778,3.2656,1.7278,"eco3_27",-97.88237567,1.95,0.0985,2.8632,757.3062714,750.7148704,26.4981,0.8111,12.88075982,816.7461,29.8134,182.7278,"bugs","BioMonTools",85,1,6,1,0,6.87951807228916,3,1,3,0,27.0588235294118,0,55.2941176470588,47.0588235294118,57.6470588235294,4.76190476190476,61.9047619047619,3.11796767984269,-8.67706666666666,1.09566828385199,-1.50035151922053,-3.01963333333333,-5.40043333333333
"KS_Liz_3626_Rep1",NA,47.3500972003343,91.801200297901,59.0520558481188,47.7598777096286,27.3256069117057,10.8117452343176,10.8494,14.36,19.3856,416.7116,12.4503,2.0486,"eco3_27",-97.77580935,1.8782,0.1377,12.7903,823.480511,741.8442054,51.0957,1.3567,13.80105653,992.3784,2564.622,147.2607,"bugs","BioMonTools",339,7,23,5,2,5.88790560471976,12,4,9,3,37.7581120943953,0,13.8643067846608,10.0294985250737,18.2890855457227,18,34,4.92112905399827,6.45473333333333,0.43689292672944,-3.89196423998833,0.896566666666666,-1.35346666666667
"KS_Liz_3626_Rep2",NA,49.1409290465973,80.9341864663658,59.0520558481188,47.7598777096286,42.3420186759787,15.6165065328948,10.8494,14.36,19.3856,416.7116,12.4503,2.0486,"eco3_27",-97.77580935,1.8782,0.1377,12.7903,823.480511,741.8442054,51.0957,1.3567,13.80105653,992.3784,2564.622,147.2607,"bugs","BioMonTools",376,7,21,5,4,5.84574468085106,15,5,9,2,39.6276595744681,0,13.031914893617,9.30851063829787,18.3510638297872,12,36,4.82710571850025,4.45473333333333,0.39473200286074,-1.89196423998833,0.896566666666666,-1.35346666666667
"KS_Liz_3627_Rep1",NA,9.03035193223798,0,0,5.57774822549079,7.96939844022176,31.6046129954774,5.1697,7.94,39.2803,277.5849,1.9787,1.0895,"eco3_40",-94.95403122,1.2757,0.0616,1.3376,1109.054399,1118.202549,11.2122,0.2913,13.65402945,867.9591,77.8599,74.2598,"bugs","BioMonTools",250,5,13,0,2.63157894736842,5.55020080321285,4,4,3,1,18,0,0.8,18.8,30,21.0526315789474,36.8421052631579,4.29310980497469,-10.6758666666667,0.254439218789819,-6.46997139314008,-4.3653,-7.11846666666667
"KS_Liz_3627_Rep2",NA,10.6045058261355,0,2.66590136215686,0,10.2939203851557,40.0627073833648,5.1697,7.94,39.2803,277.5849,1.9787,1.0895,"eco3_40",-94.95403122,1.2757,0.0616,1.3376,1109.054399,1118.202549,11.2122,0.2913,13.65402945,867.9591,77.8599,74.2598,"bugs","BioMonTools",230,3,10,1,2.94117647058824,5.47598253275109,7,3,2,0,42.6086956521739,0,0.869565217391304,19.1304347826087,31.7391304347826,17.6470588235294,32.3529411764706,4.18872905600671,-13.6758666666667,0.180220948328059,-6.16037386992027,-3.3653,-9.11846666666667
"KS_Liz_3628_Rep1",NA,22.220800733175,17.6905204864943,4.50051532365729,27.1075851615,39.5838347626151,22.2215479316085,11.1831,0.01,27.9485,732.0998,16.017,2.1044,"eco3_27",-100.1664897,1.0916,0.0595,2.7473,539.2809177,504.1926895,11.4656,0.0486,12.58655096,991.6891,1489.4793,179.8206,"bugs","BioMonTools",202,1,7,0,0,5.96954314720812,14,0,2,1,45.049504950495,0,27.2277227722772,18.8118811881188,36.1386138613861,4.16666666666667,45.8333333333333,3.60319028231943,-7.18483333333334,0.336773942042352,-2.2593201645143,-3.22663333333333,-4.176
"KS_Liz_3629_Rep1",NA,32.605632547425,43.2778101373299,0,36.4513109813168,42.4698082434413,40.8292333750371,3.4745,15.55,42.6368,392.3689,5.5265,0.7051,"eco3_27",-97.04005257,1.7213,0.0718,1.0665,903.8624624,885.8586636,10.4511,6.6652,13.71920654,905.1622,565.1865,150.4535,"bugs","BioMonTools",279,7,17,2,3.84615384615385,5.67741935483871,2,4,1,3,7.16845878136201,0,1.0752688172043,36.5591397849462,59.8566308243728,34.6153846153846,38.4615384615385,3.20174100193565,-2.47566666666667,0.173494819396774,-1.87494425286109,-3.98786666666667,-2.899
"KS_Liz_3630_Rep1",NA,41.5989368832637,56.870995505403,41.8362324791061,29.4980277811822,44.0626991701924,35.7267294804347,12.8158,0.92,17.4654,495.4407,16.017,2.3633,"eco3_27",-98.19188298,1.0916,0.2828,6.2815,795.7356981,795.7356981,51.5965,0.0432,13.66427965,953.3776,7.6041,181.051,"bugs","BioMonTools",262,3,16,4,2.56410256410256,5.78625954198473,8,2,7,1,16.793893129771,0,4.9618320610687,17.9389312977099,26.7175572519084,12.8205128205128,20.5128205128205,4.56379557624854,0.0260666666666669,0.218268381468168,-1.66279091666384,-0.404666666666665,-3.8493
"KS_Liz_3631_Rep1",NA,24.7144680721079,34.2699612554732,0.421145337147855,35.2854793598413,31.2935229698768,22.3022314382002,5.1294,572,40.5718,299.5518,15.8302,0.979,"eco3_40",-95.63551773,1.0948,0.1022,1.3273,1045.932543,919.6524561,10.349,2.1846,13.49372632,866.871,8939.3724,143.8889,"bugs","BioMonTools",202,12,20,2,6.66666666666667,5.51269035532995,1,9,3,2,0,0,0.495049504950495,17.8217821782178,29.7029702970297,13.3333333333333,26.6666666666667,4.15768479461415,-4.13350000000001,0.336065958655148,-3.36348698184447,-3.53496666666667,-3.05833333333334
"KS_Liz_3632_Rep1",NA,30.0682422177338,39.1755124159254,40.3747154915069,41.4375581924976,5.36739171208661,23.9860332766524,3.988,9.55,40.0974,391.5796,1.5248,0.8676,"eco3_27",-97.16922129,4.2878,0.0906,1.3809,836.9514831,838.6665908,13.0012,10.9311,13.04101327,814.1093,68.5908,178.3066,"bugs","BioMonTools",312,5,13,4,0,5.83818770226537,8,3,3,2,32.3717948717949,0,18.5897435897436,20.8333333333333,32.3717948717949,20.5128205128205,43.5897435897436,4.19890441381501,-3.23066666666666,0.321290897687606,-6.816526451563,-0.515133333333333,-2.21753333333333
"KS_Liz_3633_Rep1",NA,86.4787107059906,100,69.2310762436457,100,98.7391794896382,64.4232977966688,10.1946,48.6,23.0682,493.6802,13.1957,2.0225,"eco3_27",-98.86919403,1.1963,0.0762,3.441,629.9773003,580.5345517,9.1762,0.0839,11.57785524,843.6154,5269.6098,182.4857,"bugs","BioMonTools",238,16,24,6,7.69230769230769,5.54893617021277,4,9,4,6,8.82352941176471,0,0.420168067226891,26.4705882352941,42.436974789916,17.9487179487179,51.2820512820513,4.03327799391724,10.8927,-0.0335388898799351,5.61943884338203,1.66593333333333,10.4812333333333
"KS_Liz_3634_Rep2",NA,59.9027851314559,47.503991816414,41.6210181490069,52.0146753323565,100,58.3742403595022,3.0025,8.18,43.0585,398.9009,1.55,0.565,"eco3_28",-96.45084349,1.96,0.0435,1.1185,939.4355788,944.554316,9.9375,0.365,12.3678789,804.802,37.2105,166.6249,"bugs","BioMonTools",325,9,16,3,19.3548387096774,4.95046439628483,3,5,1,2,0.307692307692308,0,5.84615384615385,19.0769230769231,29.2307692307692,29.0322580645161,32.258064516129,4.19219699283725,-1.69786666666668,0.0195405107890005,7.06677898733191,-0.420933333333333,-0.771966666666666
"KS_Liz_3635_Rep1",NA,53.7670212670874,86.1599523010539,29.6744177636498,98.7876936472542,26.5992726546604,27.6137699688187,8.2281,8.53,34.7759,377.2476,11.1202,1.6229,"eco3_27",-96.71251015,1.0916,0.1332,1.5059,821.9803085,815.0702719,9.1835,1.4787,11.52383366,817.5051,235.6812,137.379,"bugs","BioMonTools",272,15,25,4,2.12765957446809,5.77573529411765,8,12,4,3,10.2941176470588,0,5.88235294117647,17.6470588235294,30.1470588235294,23.4042553191489,46.8085106382979,4.44464501617147,5.4165,0.289458154916513,-3.98870296405201,-1.3239,5.62046666666667
"KS_Liz_3636_Rep1",NA,73.7338789222042,100,50.0090848672133,100,87.2180081496208,31.4423015941868,11.0336,16.59,21.7435,684.6618,12.0178,2.205,"eco3_27",-99.84203302,1.2976,0.0602,3.4696,571.6104997,539.1197869,10.2606,0.0453,11.943923,902.397,1964.4147,181.2964,"bugs","BioMonTools",245,13,23,4,6.06060606060606,5.71428571428571,8,9,2,4,2.85714285714286,0,3.26530612244898,16.734693877551,30.6122448979592,18.1818181818182,39.3939393939394,3.94974567693818,10.1786666666667,0.255863472401514,4.08496156333986,0.213066666666668,8.14736666666667
"KS_Liz_3637_Rep1",NA,43.5938738003882,56.2805544205562,67.1415567846099,38.5615149957531,55.9857428010219,0,11.9272,3.55,41.21,455.9562,12.1383,2.2396,"eco3_27",-97.43481374,1.2079,0.0476,2.02,837.2856881,834.9769882,15.3522,0.0167,13.22610963,1004.4766,110.0925,98.6,"bugs","BioMonTools",294,6,19,6,4.44444444444444,6.10884353741497,11,3,7,3,20.0680272108844,0,24.1496598639456,17.3469387755102,29.9319727891156,15.5555555555556,40,4.3983637607459,-0.0826000000000064,0.534081953961497,-0.0747892265134897,1.508,-2.6106
"KS_Liz_3638_Rep1",NA,24.5181028028657,10.0006592655055,22.0281348635308,37.5193395734593,29.7670090832805,23.2753712285522,10.9531,13.77,36.2257,309.7629,7.1688,2.1229,"eco3_47",-95.60759764,1.4605,0.1755,1.0616,936.2159395,907.4724544,16.3802,0.1582,12.52870561,784.4003,347.7564,102.5611,"bugs","BioMonTools",251,5,12,5,2.4390243902439,5.82329317269076,12,4,6,1,32.6693227091633,0,19.9203187250996,12.7490039840637,19.9203187250996,19.5121951219512,31.7073170731707,4.7564357906845,-8.60010000000002,0.327526830472696,-3.5667997186766,-1.90183333333334,-2.75303333333333
"KS_Liz_3639_Rep1",NA,39.4244139855632,56.7313543776678,30.0744165288135,49.9632506946515,36.6935558647524,23.659492461931,8.135,4.5,19.6204,561.9901,2.8948,1.8565,"eco3_26",-99.256917,4.7044,0.1024,6.2775,661.6335589,657.1533085,34.7695,3.2548,14.09041708,870.8418,189.7272,182.922,"bugs","BioMonTools",289,3,12,1,0,6.22491349480969,6,3,4,0,12.80276816609,0,17.6470588235294,23.5294117647059,41.8685121107266,13.7931034482759,24.1379310344828,3.6480032194732,0.000366666666671733,0.324156235125612,-2.64426950437447,-1.29366666666667,-1.05233333333333
"KS_Liz_3641_Rep1",NA,16.2564944327289,21.060924826345,9.46543935696791,17.4019149638025,33.3541930165293,0,6.9624,1.16,32.6146,460.3298,5.9561,1.3639,"eco3_27",-97.55604114,1.6074,0.1137,2.2938,755.5950524,755.5950524,8.7674,0.2242,11.70265867,788.8181,8.9451,182.88,"bugs","BioMonTools",275,0,8,1,0,7.28,7,0,1,0,24.7272727272727,0,75.6363636363636,67.6363636363636,74.1818181818182,4.54545454545455,40.9090909090909,2.14860049644677,-6.56453333333334,1.60076605511957,-3.08903126246213,-2.85136666666667,-5.50246666666666
"KS_Liz_3642_Rep1",NA,43.8823490728866,19.0945386735287,33.2642633517781,38.7207802779338,49.6586138232821,78.6735492379105,1.3412,0.61,38.932,303.4858,1.0144,0.3915,"eco3_39",-94.61883522,6.8547,0.0538,4.6817,1150.043881,1150.043881,21.8838,0.0631,14.00497482,736.8983,4.0437,178.1163,"bugs","BioMonTools",154,2,4,1,8.33333333333333,4.99342105263158,1,1,0,0,12.987012987013,0,0,75.3246753246753,79.8701298701299,16.6666666666667,25,1.58781668436727,-6.92643333333334,-0.15858230593932,-0.917484415891995,-1.05256666666667,-2.58883333333333
"KS_Liz_3643_Rep1",NA,58.3938337371142,51.8785082342985,39.4494702772694,62.0249739181759,70.9461840336357,67.6700322221914,8.0625,0.45,32.6398,467.8674,2.8948,1.9379,"eco3_26",-98.73099592,4.7044,0.0745,2.8023,706.6061299,702.3265195,20.3536,4.4778,14.36898755,784.3178,23.8626,182.9069,"bugs","BioMonTools",239,5,12,2,7.40740740740741,5.66386554621849,6,2,5,3,7.94979079497908,0,0.418410041841004,44.3514644351464,55.6485355648536,7.40740740740741,37.037037037037,3.13641772635148,-0.892766666666663,-0.0620284056810378,1.91775619212076,-0.585066666666667,0.596133333333332
"KS_Liz_3644_Rep1",NA,49.0858608696548,48.9703142160825,38.7235629261565,44.0904348759261,53.5150608757328,60.129931454376,7.0834,1.29,39.6528,330.3038,9.465,1.3143,"eco3_40",-95.95971044,1.3648,0.0493,0.9466,956.9801139,955.3795151,7.979,0.4204,12.8548243,816.885,19.6272,107.0844,"bugs","BioMonTools",214,4,14,2,6.45161290322581,5.42523364485981,7,3,2,1,9.81308411214953,0,5.14018691588785,30.3738317757009,47.6635514018692,16.1290322580645,35.4838709677419,3.73557311259396,-1.428,0.00413463441178141,-0.403853448256179,-0.639933333333333,-1.85496666666667
"KS_Liz_3645_Rep1",NA,52.2372581836493,78.1245200402224,47.2875938199972,62.1866781786442,35.5137187265207,38.073780152862,4.1023,5.13,36.5348,348.3061,2.9824,0.7738,"eco3_28",-96.71860081,1.8122,0.0477,1.4789,846.3943358,845.078755,8.4218,0.3231,12.63037535,788.3744,51.174,152.4143,"bugs","BioMonTools",226,11,23,6,8.33333333333333,5.22222222222222,11,9,5,2,40.2654867256637,0,0.442477876106195,13.2743362831858,24.3362831858407,18.75,33.3333333333333,5.00547797666648,3.93763333333333,0.197673430217314,-2.80140919350297,0.00736666666666874,0.618233333333334
"KS_Liz_3645_Rep2",NA,62.3985503435495,78.1245200402224,34.0572046745612,76.8205479042774,74.017338634913,48.9731404637734,4.1023,5.13,36.5348,348.3061,2.9824,0.7738,"eco3_28",-96.71860081,1.8122,0.0477,1.4789,846.3943358,845.078755,8.4218,0.3231,12.63037535,788.3744,51.174,152.4143,"bugs","BioMonTools",245,13,23,5,13.4615384615385,5.12658227848101,8,8,6,5,11.0204081632653,0,2.04081632653061,17.5510204081633,26.1224489795918,19.2307692307692,34.6153846153846,4.93642709913607,3.93763333333333,0.102033486476104,2.32679593470215,-0.992633333333331,2.61823333333333
"KS_Liz_3646_Rep1",NA,56.4302728085377,62.1909421266311,60.5007834595441,61.1420637780627,59.5555853965221,38.7619892819285,3.0025,3.84,43.3271,376.5801,1.55,0.565,"eco3_28",-96.54921934,1.96,0.0435,1.2851,909.684064,906.2645816,10.2788,0.365,12.87948526,778.8541,85.1517,174.1357,"bugs","BioMonTools",250,12,21,6,13.2075471698113,5.17073170731707,12,9,7,3,21.2,0,2,13.2,21.6,15.0943396226415,33.9622641509434,5.03009554090682,1.00516666666666,0.191634517794149,0.400669578364722,1.00606666666667,0.475466666666671
"KS_Liz_3646_Rep2",NA,47.784920976108,73.0579559581663,86.9615617504159,53.8251289152461,12.1713322691806,12.908625987531,3.0025,3.84,43.3271,376.5801,1.55,0.565,"eco3_28",-96.54921934,1.96,0.0435,1.2851,909.684064,906.2645816,10.2788,0.365,12.87948526,778.8541,85.1517,174.1357,"bugs","BioMonTools",250,11,23,8,6.89655172413793,5.39759036144578,13,8,7,3,39.2,0,1.6,11.2,18.4,20.6896551724138,39.6551724137931,5.12404421933005,3.00516666666666,0.418493171922859,-5.91032586730867,3.00606666666667,-0.524533333333329
"KS_Liz_3647_Rep1",NA,33.4637662070418,45.2710015909307,25.0234949660575,44.3638443419667,52.660490136254,0,11.2284,8.05,18.5281,552.2385,7.8434,2.1056,"eco3_27",-98.50941339,1.5171,0.0578,14.0051,703.8689418,648.5651311,48.8535,0.0242,13.54082936,992.2673,2739.1068,158.0681,"bugs","BioMonTools",254,2,15,1,0,6.304,11,1,4,1,35.8267716535433,0,28.3464566929134,20.0787401574803,29.9212598425197,16.6666666666667,40,4.19890122150567,-2.10883333333333,0.629571851955428,-0.517671682984133,-1.67543333333333,-1.8176
"KS_Liz_3648_Rep1",NA,67.189258695452,99.6060707486069,64.7146624023654,73.6315837932331,52.660490136254,45.3334863968004,11.2284,8.05,18.5281,552.2385,7.8434,2.1056,"eco3_27",-98.50941339,1.5171,0.0578,14.0051,703.8689418,648.5651311,48.8535,0.0242,13.54082936,992.2673,2739.1068,158.0681,"bugs","BioMonTools",382,6,25,4,0,5.80839895013123,8,2,2,4,4.45026178010471,0,3.40314136125654,28.7958115183246,52.6178010471204,36.8421052631579,42.1052631578947,3.612186588373,7.89116666666667,0.133970802086662,-0.517671682984133,1.32456666666667,2.1824
"KS_Liz_3649_Rep1",NA,56.0908540759124,48.0906294464197,43.1508921471908,58.9172277841089,62.7613842897378,67.5341367121049,10.8071,10.91,21.7077,514.6286,15.7455,2.1423,"eco3_26",-99.00105745,1.1663,0.1526,6.7382,673.8217218,677.6183401,32.9943,1.3085,13.97350375,802.3358,486.0945,182.1366,"bugs","BioMonTools",391,8,16,6,9.09090909090909,5.1948717948718,9,5,5,2,8.69565217391304,0,4.0920716112532,14.3222506393862,26.8542199488491,6.06060606060606,30.3030303030303,4.24539695218203,-1.5899,-0.0608359468055992,0.827642272446397,-0.305300000000002,0.171399999999998
"KS_Liz_3650_Rep2",NA,64.0033812929945,64.3911501937226,69.6116704380627,66.2341626469255,52.2603970419945,67.5195261442673,10.8071,10.91,21.7077,514.6286,15.7455,2.1423,"eco3_26",-99.00105745,1.1663,0.1526,6.7382,673.8217218,677.6183401,32.9943,1.3085,13.97350375,802.3358,486.0945,182.1366,"bugs","BioMonTools",419,9,19,8,7.69230769230769,5.195,14,6,5,3,14.3198090692124,0,0.954653937947494,20.763723150358,36.9928400954654,5.12820512820513,33.3333333333333,4.16418866254958,1.4101,-0.060707741677394,-0.570959126155002,1.6947,1.1714
